Lateinisches Wort,Formen,Übersetzung,Zahl
vulnus,vulneris n,die Wunde,39
parva voce,-,mit leiser Stimme,9
magna voce,-,mit lauter Stimme,9
vox,vocis f,"die Stimme, das Wort",9
vos,-,ihr,13
voluptas,voluptatis f,"die Lust, das Vergnügen",42
voluptas,voluptatis f,"die Lust, das Vergnügen",41
voluptas,voluptatis f,"die Lust, das Vergnügen",40
volare,-,"fliegen, eilen",25
vocare,-,rufen,3
vix,-,"kaum, mit Mühe",4
vivus,"-a, -um","lebend, lebendig, zu Lebzeiten",22
vivere,"vivo, vixi, -",leben,16
vivere,"vivo, vixi, -",leben,11
vitium,-i n,"der Fehler, das Laster, die schlechte Eigenschaft",12
vitare,-,"meiden, vermeiden",42
vitare,-,"meiden, vermeiden",41
vitare,-,"meiden, vermeiden",40
vitam eripere,(m.Dat.),"das Leben rauben, ermorden",11
vita,-ae f,"das leben, die Lebensweise",8
vis,"-, -, vim, vi, Pl. vires, virium f","die Kraft, die Gewalt, die Menge Pl. auch: die Streitkräfte",10
virtus,virtutis f,"die Tugend, die Tapferkeit, die Tüchtigkeit, Pl. die guten Taten, die guten Eigenschaften",12
virgo,virginis f,"die junge Frau, das Mädchen",29
vir,viri m,der Mann,8
vinum,-i n,der Wein,6
vindicare,-,"beanspruchen, befreien, bestrafen",27
in vincula dare,-,"fesseln, in Fesseln legen",23
vinculum,-i n,die Fessel,23
vincere,"vinco, vici, victum","siegen, besiegen",15
vincere,"vinco, vici, victum","siegen, besiegen",6
villa,-ae f,"die Villa, das Landhaus",16
vilis,vile,"gering, wertlos",40
videri,"videor, visus sum",scheinen,33
videri,"videor, visus sum",scheinen,32
videri,"videor, visus sum",scheinen,31
videre,"video, vidi, visum",sehen,14
videre,"video, vidi, visum",sehen,2
vicus,-i m,"das Dorf, die Gasse",4
victoria,-ae f,der Sieg,24
victor,victoris m,der Sieger,20
viam facere,-,einen Weg bahnen,10
via,-ae f,"der Weg, die Straße",4
vetare,"veto, vetui, vetitum",verbieten,26
vestem gerere,-,ein Kleidungsstück tragen,18
vestis,vestis f,"das Kleid, die Kleidung",9
vester,"vestra, vestrum",euer,16
verum dicere,-,die Wahrheit sagen,9
verus,"-a, -um","echt, richtig, wahr",9
verum,-,"aber, sondern",35
vertere,"verto, verti, versum","drehen, wenden",20
versari,"versor, versatus sum (in m.Abl.)","sich aufhalten, sich befinden (in), sich beschäftigen (mit)",32
vero,-,"wirklich, aber, jawohl",20
verba facere,-,"sprechen, reden",10
verbum,-i n,das Wort,1
ventus,-i m,der Wind,26
venire,"venio, veni, ventum",kommen,25
venire,"venio, veni, ventum",kommen,14
venire,"venio, veni, ventum",kommen,1
veniam rogare,-,um Verzeihung bitten,2
venia,-ae f,"die Nachsicht, die Verzeihung",2
velut,-,"wie, wie zum Beispiel",13
velum,-i n,"das Tuch, das Segel, der Vorhang",37
velle,"volo, volui, -",wollen,17
vel,-,oder,20
vehi,"vehor, vectus sum",(selbst) fahren,34
vehemens,Gen. vehementis,"heftig, nachdrücklich, energisch",10
vastare,-,verwüsten,31
vallum,-i n,der Wall,33
vale!/valete!,-,lebe wohl!/lebt wohl!,20
valere,-,"gesund sein, gelten, Einfluss haben",20
valde,-,sehr,11
vacare,(m.Abl.),"leer sein, frei sein (von), ohne (etwas) sein, (etwas) entbehren",6
uxorem ducere,-,(eine Frau) heiraten,17
uxor,uxoris f,die Ehefrau,5
uva,-ae f,die Traube,38
utinam,-,"(erfüllbar) hoffentlich, (unerfüllbar) wenn doch",36
uti,"utor, usus sum (m.Abl.)","gebrauchen, benutzen",32
uterque,"utraque, utrumque, Gen. utriusque, Dat. utrique","jeder von beiden, beide",39
uterque,"utraque, utrumque, Gen. utriusque, Dat. utrique","jeder von beiden, beide",38
uterque,"utraque, utrumque, Gen. utriusque, Dat. utrique","jeder von beiden, beide",37
ut,(m.Konj.),"dass, sodass, damit, um … zu",25
ut,-,wie,34
usui est,-,es ist nützlich,27
usus,usus m,"der Gebrauch, der Nutzen",27
urbs,urbis f,"die Stadt, die Großstadt, die Hauptstadt",8
unus,"-a, -um, Gen. unius, Dat. uni","ein(er), ein einziger",20
universus,"-a, -um","all, ganz, sämtlich",11
universum,-i n,"das Universum, das Weltall",41
undique,-,"von überall her, von allen Seiten",14
unde?,-,woher?,10
umquam,-,jemals,15
umerus,-i m,die Schulter,23
umbra,-ae f,der Schatten,22
ultimus,"-a, -um","der letzte, der entfernteste",22
ullus,"-a, -um, Gen. ullius, dat. ulli",irgendein,33
ullus,"-a, -um, Gen. ullius, dat. ulli",irgendein,32
ullus,"-a, -um, Gen. ullius, dat. ulli",irgendein,31
ubique,-,überall,3
ubi?,-,wo?,1
ubi,-,sobald,31
tuus,"-a, -um",dein,16
tutus,"-a, -um (a/ab)","sicher (vor), geschützt (vor/gegen)",21
turpis,turpe,"hässlich, schändlich",10
turbare,-,"durcheinander bringen, verwirren",42
turbare,-,"durcheinander bringen, verwirren",41
turbare,-,"durcheinander bringen, verwirren",40
turba,-ae f,"die (Menschen-)Menge, das Durcheinander, der Lärm",5
tunc,-,"dann, da, darauf, damals",42
tunc,-,"dann, da, darauf, damals",41
tunc,-,"dann, da, darauf, damals",40
tum,-,"dann, da, darauf, damals",1
tueri,"tueor, - (a/ab)","betrachten, bewahren, beschützen (vor)",39
tu,-,du,2
tristis,triste,"traurig, düster",17
tribunus plebis,tribuni plebis m,der Volkstribun,30
tribunus,-i m,der Tribun,28
tribuere,"tribuo, tribui, tributum",zuteilen,21
tres,tria,drei,23
trepidare,-,beben,39
transquillus,"-a, -um","ruhig, gelassen",36
flumen transire,-,den Fluss überqueren,29
transire,"transeo, transii, transitum (m.Akk.)","hinübergehen, überschreiten, überqueren",29
transcurrere,"transcurro, trans(cu)curri, transcursum","hinüberlaufen, vorbeieilen",40
trans,(m.Akk.),jenseits,31
traducere,"traduco, traduxi, tarductum","ziehen, zerren, schleppen",16
tradere,"trado, tradidi, traditum","übergeben, überliefern",33
totus,"-a, -um, Gen. totius, Dat. toti",ganz,19
totiens,-,so oft,36
tot,(indekl.),so viele,6
torquere,"torqueo, torsi, tortum","drehen, schleudern, foltern, quälen",19
tollere,"tollo, sustuli, sublatum","hochheben, aufheben, beseitigen, wegnehmen",24
tolerabilis,tolerabile,erträglich,41
timor,timoris m,"die Angst, die Furcht",6
timere,-,"fürchten, sich fürchten",2
tibi,(Dat.),dir,11
testis,testis m/f Gen.Pl. testium,der Zeuge/die Zeugin,28
terrere,-,(jdn.) erschrecken,14
terra,-ae f,"das Land, die Erde",21
terga vertere,-,fliehen,33
a tergo,-,von hinten,34
tergum,tergi n,der Rücken,33
tenuis,tenue,"dünn, zart, schwach",37
tenere,-,"halten, festhalten",3
tempus,temporis n,"die Zeit, Pl. die Zeitumstände",12
temptare,-,"(m.Inf.) versuchen (zu tun), (m.Akk.) angreifen, betasten",23
templum,-i n,der Tempel,7
tempestas,tempestatis f,"das Unwetter, das Gewitter",26
telum,-i n,"das Geschoss, das Wurfgeschoss, der Pfeil",23
tellus,telluris f,die Erde,39
tellus,telluris f,die Erde,38
tellus,telluris f,die Erde,37
tectum,-i n,"das Dach, das Haus",10
tantus,"-a, -um","so groß, so viel",14
tantudem … quantum,-,ebensoviel … wie,42
tantum,-,nur,8
tangere,"tango, tetigi, tactum","berühren, erreichen",25
tandem,-,"endlich, schließlich",4
tamen,-,"dennoch, jedoch",12
tam,(bei Adj.),so,13
talis,tale,"solch, so (beschaffen)",34
tacere,-,"still sein, schweigen, verschweigen",2
tabula,-ae f,"die Tafel, das Gemälde",2
suus,"-a, -um","sein, ihr",16
sustinere,"sustineo, sustinui, sustentum","aushalten, ertragen",23
suscipari,"suspicor, suspicatus sum","verdächtigen, vermuten",42
suscipere,"suscipio, suscepi, susceptum","auf sich nehmen, unternehmen",23
suscipere,"suscipio, suscepi, susceptum","auf sich nehmen, unternehmen",14
surgere,"surgo, surrexi, surrectum","aufstehen, sich erheben",30
supplex,Gen. supplicis,"demütig, flehentlich",22
superi,-orum m,die (Götter der) Oberwelt,23
superesse,"supersum, superfui, -","übrig sein, überleben",21
superbus,"-a, -um","hochmütig, (m.Abl.) stolz (auf)",9
superbia,-ae f,"der Hochmut, der Stolz, die Überheblichkeit",23
superare,-,"überwinden, besiegen, (m.Abl.) übertreffen (an)",23
sunt,-,"sie sind, es gibt",1
summus,"-a, -um","der höchste, der oberste, der letzte",18
sua,-orum n(Pl.),das Seine/das Eigene,31
sui,-orum m(Pl.),die Seinen/die Ihren,28
subito,-,plötzlich,2
pericula subire,-,Gefahren auf sich nehmen,29
subire,"subeo, subii, subitum",auf sich nehmen,29
subducere,"subduco, subduxi, subductum",wegnehmen,38
sub,(m.Akk.),unter (wohin?),22
sub,(m.Abl.),unter (wo?),11
stultitia,-ae f,die Dummheit,28
summo studio,-,mit höchstem Eifer,18
studium,-i n,"die Bemühung, das Streben, die (wissenschaftliche) Beschäftigung",18
studere,-,"(m.Inf.) sich bemühen (zu tun), wünschen (zu tun), (tun) wollen, (m.Dat.) sich beschäftigen mit, streben nach",18
studere,-,"(m.Inf.) sich bemühen (zu tun), wünschen (zu tun), (tun) wollen, (m.Dat.) sich beschäftigen mit, streben nach",2
statuere,"statuo, statui, statutum","aufstellen, festsetzen, beschließen",31
statim,-,"sofort, auf der Stelle",2
stare,"sto, steti, -","stehen, dastehen",14
spes,speif,"die Hoffnung, die Erwartung",30
sperare,-,"hoffen, erwarten",36
sperare,-,"hoffen, erwarten",35
sperare,-,"hoffen, erwarten",34
spectare,-,"(an)schauen, betrachten",5
sors,sortis f,"das Los, das Schicksal",8
soror,sororis f,die Schwester,5
solvere,"solvo, solvi, solutum","lösen, auflösen",37
solus,"-a, -um Gen. solius, Dat. soli","allein, einzig, einsam",29
solum,-i n,der Boden,38
"non solum …, sed etiam …",-,"nicht nur …, sondern auch …",4
solum,-,"nur, bloß, einzig, allein",4
sollicitare,-,"beunruhigen, erregen, aufwiegeln",12
solere,"soleo, solitus sum","gewohnt sein, pflegen",34
sol,solis m,die Sonne,3
socius,-i m,"der Gefährte, der Kamerad, der Bundesgenosse",26
sive … sive …,-,"sei es (,dass) … oder (dass …)",33
sive,-,"oder, beziehungsweise",33
situs,"-a, -um",gelegen,9
sinere,"sino, sivi, situm","lassen, zulassen, erlauben",21
sine,(m.Abl.),ohne,9
simul,-,"gleichzeitig, zugleich",39
simul,-,"gleichzeitig, zugleich",38
simul,-,"gleichzeitig, zugleich",37
simplicitas,simplicatis f,"die Einfachheit, die Natürlichkeit",38
similis,simile,ähnlich,33
similis,simile,ähnlich,32
similis,simile,ähnlich,31
silva,-ae f,der Wald,31
silere,-,schweigen,35
signum,-i n,"das Zeichen, das Feldzeichen, die Statue",26
sidus,sideris n,"der Stern, das Sternbild",39
sidus,sideris n,"der Stern, das Sternbild",38
sidus,sideris n,"der Stern, das Sternbild",37
sic,-,"so, auf diese Weise",20
si,-,"wenn, falls",18
sex,-,sechs,19
servus,-i m,"der Diener, der Sklave",1
servitus,servitutis f,"die Sklaverei, die Knechtschaft",13
servire,-,"dienen, Sklave sein",13
servare,-,"retten (vor), bewahren, beschützen",12
serva,-ae f,"die Dienerin, die Sklavin",1
sermonem habere (cum),-,ein Gespräch führen (mit),9
sermo,sermonis m,"das Gespräch, die Sprache",6
sequi,"sequor, secutus sum (m.Akk.)",folgen,33
sentire,"sentio, sensi, sensum","fühlen, spüren, meinen",23
setentia,-ae f,"der Satz, der Sinnspruch, die Meinung",18
senior,"senius, Gen. senioris",älter,39
senior,"senius, Gen. senioris",älter,38
senior,"senius, Gen. senioris",älter,37
senatus,senatus m,der Senat,34
semper,-,immer,1
sedes,sedis f,"der Sitz, der Wohnsitz",39
sedes,sedis f,"der Sitz, der Wohnsitz",38
sedes,sedis f,"der Sitz, der Wohnsitz",37
sedere,"sedeo, sedi, sessum","sitzen, dasitzen",26
sed,-,"aber, doch, sondern",1
secundus,"-a, -um","der zweite, günstig",23
se,"sibi, secum","sich (Akk.), sich (Dat.), mit sich",16
scribere,"scribo, scripsi, scriptum",schreiben,16
scribere,"scribo, scripsi, scriptum",schreiben,13
scire,-,"wissen, kennen",4
scelus,sceleris n,"das Verbrechen, der Frevel",14
sceleratus,-i m,der Verbrecher,4
saxum,-i n,"der Fels(brocken), der Stein",22
satisfacere,"satisfacio, satisfeci, satisfactum","Genugtuung leisten, befriedigen",33
satis/sat,-,genug,19
sapientia,-ae f,die Weisheit,18
sapiens,Gen. sapientis,"weise, Subst. der Weise",21
sanctus,"-a, -um","heilig, geweiht",39
sanctus,"-a, -um","heilig, geweiht",38
sanctus,"-a, -um","heilig, geweiht",37
salve!/salvete!,-,sei gegrüßt! seid gegrüßt!,2
salutare,-,"grüßen, begrüßen",2
saluti esse,-,heilsam sein,21
alicui salutem dicere,-,jemanden grüßen,40
salus,salutis f,"die Rettung, das Wohl(ergehen), der Gruß",7
sagitta,-ae f,der Pfeil,39
saevus,"-a, -um","wild, grimmig",26
saepe,-,oft,3
sacrum facere,-,opfern,7
sacrum,-i n,"das Opfer(tier), Pl.die Opferhandlung",7
sacrificium,-i n,das Opfer,32
sacerdos,sacerdotis m/f,der Priester/die Priesterin,7
ruri,-,auf dem Lande,16
rus,ruris n,"das Land, das Feld",16
rursus,-,"wieder, zurück",33
ruere,"ruo, rui, -","(sich)stürzen, eilen, rennen, einstürzen",18
ruere,"ruo, rui, -","(sich) stürzen, eilen, rennen, einstürzen",9
rudis,rude,"roh, unbearbeitet",38
rogare,-,"fragen, bitten (um)",2
ripa,-ae f,das Ufer,29
ridere,"rideo, risi, risum","lachen, auslachen",15
ridere,"rideo, risi, risum","lachen, auslachen",6
rex,regis m,der König,26
retro,-,"zurück, rückwärts",40
retrahere,"retraho, retraxi, retractum","zurückziehen, zurückhalten",42
retinere,"retineo, retinui, retentum","zurückhalten, behalten, festhalten",25
restituere,"restituo, restitui, restitutum",widerherstellen,25
restare,"resto, restiti, -","übrig bleiben, Widerstand leisten",17
respondere,"respondeo, respondi, responsum",antworten,18
respondere,"respondeo, respondi, responsum",antworten,4
respicere,"respicio, respexi, respectum","zurückblicken auf, berücksichtigen",30
respicere,"respicio, respexi, respectum","zurückblicken auf, berücksichtigen",29
respicere,"respicio, respexi, respectum","zurückblicken auf, berücksichtigen",28
respicere,"respicio, respexi, respectum","zurückblicken auf, berücksichtigen",27
resistere,"resisto, restiti, -","sich widersetzen, Widerstand leisten",24
res venit ad,-,es kommt zu,28
res publica,rei puplicae f,"der Staat, das Gemeindewesen, die Republik",28
res privata,rei privatae f,die Privatsache,30
res privata,rei privatae f,die Privatsache,29
res privata,rei privatae f,die Privatsache,28
res privata,rei privatae f,die Privatsache,27
res militaris,rei militaris f,das Kriegswesen,32
res divina,rei divinae f,"die Kulturhandlung, das Opfer",32
res adversae,rerum adversarum f(Pl.),das Unglück,28
res,rei f,"die Sache, das Ding, die Angelegenheit",28
reprehendere,"reprehendo, reprehendi, reprehensum","tadeln, kritisieren",21
repetere,"repeto, repetivi, repetitum","verlangen, zurückverlangen, wiederholen",35
repente,-,plötzlich,33
repellere,"repello, reppuli, repulsum","zurückstoßen, abwehren, vertreiben",26
repellere,"repello, reppuli, repulsum","zurückstoßen, abwehren, vertreiben",20
repellere,"repello, reppuli, repulsum","zurückstoßen, abwehren, vertreiben",6
reliquus,"-a, -um",übrig,31
relinquere,"relinquo, reliqui, relictum","verlassen, zurücklassen",15
relinquere,"relinquo, reliqui, relictum","verlassen, zurücklassen",3
religio,religionis f,"die Götterverehrung, der Glaube, die Frömmigkeit, Pl. die Kulthandlungen, die religiösen Bräuche",32
regnum,-i n,"die Herrschaft, die Königsherrschaft, das Reich",23
regio,regionis f,"das Gebiet, die Gegend, die Richtung",22
regina,-ae f,die Königin,26
regere,"rego, rexi, rectum","lenken, leiten, herrschen",27
referre,"refero, rettuli, relatum","zurückbringen, berichten",30
reducere,"reduco, reduxi, reductum",zurückführen,33
redire,"redeo, redii, reditum","zurückgehen, zurückführen",29
reddere,"reddo, redidi, redditum",zurückgeben,26
reddere,"reddo, redidi, redditum",zurückgeben,22
recurre,"recurro, recurri, recursum","zurücklaufen, zurückkehren",34
rector,rectoris m,der Lenker,41
recte,(Adv.),"richtig, zu Recht",18
recitare,-,"vorlesen, vortragen",19
se recipere,-,sich zurückziehen,31
recipere,"recipio, recepi, recptum","zurücknehmen, aufnehmen",25
recens,gen. recentis,"frisch, jung, neu",18
recedere,"recedo, recessi, recessum","fortgehen, sich zurückziehen",42
recedere,"recedo, recessi, recessum","fortgehen, sich zurückziehen",41
recedere,"recedo, recessi, recessum","fortgehen, sich zurückziehen",40
ratis,ratis f,"das Floß, das Schiff",37
ratio,rationis f,"die Vernunft, die Art und Weise, die Methode, die Überlegung",35
rapere,"rapio, rapui, raptum","rauben, mit sich reißen",23
rapere,"rapio, rapui, raptum","rauben, mit sich reißen",12
rapere,"rapio, rapui, raptum","rauben, mit sich reißen",3
raeda,-ae f,der Reisewagen,34
quotiens,-,wie oft,12
quoque,(nachgestellt),auch,13
quoniam,-,"da ja, da nun",36
quondam,-,"einmal, einst",18
quomodo,-,"wie, auf welche Weise",17
quodsi,-,"wenn nun, wenn also",33
quodsi,-,"wenn nun, wenn also",32
quodsi,-,"wenn nun, wenn also",31
quod,-,"weil, dass",34
"quo …, hoc",-,"je…, desto",42
"quo …, hoc",-,"je…, desto",41
"quo …, hoc",-,"je…, desto",40
quo,-,"wohin?, wodurch?, dorthin",19
quoquo modo,-,"auf welche Weise auch immer, auf jede Weise",36
quisquis,quidquid,"wer auch immer, jeder, der m/f Pl. alle, die, n Pl. alles, was",36
quisquam,quicquam,"irgendjemand, irgendetwas",40
quis?,-,wer?,4
quinque,-,fünf,19
quiescere,"quiesco, quievi, -","ruhen, sich ausruhen",16
quidem,-,"zwar, wenigstens, freilich",9
quidam,"quaedam, quoddam (adj.), quidam, quaedam, quiddam (subst.)","ein (gewisser), Pl. einige, manche",40
quid?,-,was?,2
quia,-,weil,12
qui,"quae, quod","der, die, das, welcher, welche, welches",9
-que,-,und,11
quattuor,-,vier,18
quartus,"-a, -um",der vierte,31
quare,-,"weshalb, deshalb",24
quantus,"-a, -um","wie groß, wie viel",18
quantopere,-,wie sehr,12
quando?,-,wann?,19
quamquam,-,obwohl,18
quam,(bei Vergleichen),als,17
quaeso/quaesumus,-,(ich) bitte/wir bitten,16
ex amico quaerere,-,den Freund fragen,19
amicum quaerere,-,den Freund suchen,19
quaerere,"quaero, quaesivi, quaesitum","suchen, (e/ex)(jdn.) fragen",19
quaerere,"quaero, quaesivi, quaesitum","suchen, (e/ex)(jdn.) fragen",15
quaerere,"quaero, quaesivi, quaesitum","suchen, (e/ex)(jdn.) fragen",3
qua,-,"wo, wie",39
putare,-,"glauben, meinen, (m.dopp.Akk.) halten für",42
putare,-,"glauben, meinen, (m.dopp.Akk.) halten für",15
pulchritudo,pulchritudinis f,die Schönheit,24
pulcher,"pulchra, pulchrum",schön,8
pugnare,-,kämpfen,15
pugna,-ae f,"der Kampf, die Schlacht",5
puer,pueri m,der Junge,8
puella,-ae f,das Mädchen,8
pudor,pudoris m,"die Scham, die Ehrfurcht",36
pudor,pudoris m,"die Scham, die Ehrfurcht",35
pudor,pudoris m,"die Scham, die Ehrfurcht",34
pudicitia,-ae f,"die Schamhaftigkeit, die Keuschheit",28
publicus,"-a, -um","öffentlich, staatlich",18
prudens,Gen. prudentis,klug,10
proximus,"-a, -um",der nächste,31
provincia,-ae f,die Provinz,19
providere,"provideo, providi, provisum","(m.Dat.) sorgen für, 8m.Akk.) vorhersehen",18
provenire,"provenio, proveni, proventum","hervorkommen, wachsen, entstehen",38
protinus,-,"sofort, auf der Stelle",25
prospicere,"prospicio, prospexi, prospectum","(m.Akk.) vorausschauen, erblicken, (m.Dat.) sorgen für",40
propter,(m.Akk.),wegen,14
proponere,"propono, roposui, propositum","vorschlagen, vor Augen stellen, in Aussicht stellen",24
properare,-,"eilen, sich beeilen",1
prope,(m.Akk.),"nahe bei, in der Nähe von",29
promittere,"promitto, promisi, promissum",versprechen ,23
promittere,"promitto, promisi, promissum",versprechen,19
proles,prolis f,der Nachkomme,39
proles,prolis f,der Nachkomme,38
proles,prolis f,der Nachkomme,37
proicere,"proicio, proieci, proiectum",hinwerfen,33
prohibere,(a/ab),"abhalten (von), hindern (an), verhindern",9
proficisci,"proficiscor, profectus sum","aufbrechen, reisen, marschieren",34
proferre,"profero, protuli, prolatum","hervorbringen, vorbringen",30
profecto,-,"in der Tat, tatsächlich",9
proelium commitere,-,"eine Schlacht liefern, ein Gefecht beginnen",33
proelium,-i n,"die Schlacht, das Gefecht",32
producere,"produco, produxi, productum","hervorbringen, vorführen",33
prodigium,-i n,das Vorzeichen,27
prodesse,"prosum, profui, -",nützen,30
prodesse,"prosum, profui, -",nützen,29
prodesse,"prosum, profui, -",nützen,28
prodesse,"prosum, profui, -",nützen,27
prodere,"prodo, prodidi, proditum","verraten, preisgeben, überliefern",26
prodere,"prodo, prodidi, proditum","verraten, preisgeben, überliefern",20
prodere,"prodo, prodidi, proditum","verraten, preisgeben, überliefern",12
probus,"-a, -um","anständig, gut, tüchtig",14
probare,-,"billigen, gutheißen, prüfen",18
pro templo,-,vor dem Tempel,7
pro salutare orare,-,für das Wohlergehen beten,7
pro cibo,-,anstelle des Essens/als Essen,7
pro,(m.Abl.),"vor, für, statt, an Stelle von",7
privatus,"-a, -um","privat, eigen",30
privatus,"-a, -um","privat, eigen",29
privatus,"-a, -um","privat, eigen",28
privatus,"-a, -um","privat, eigen",27
prius,-,"vorher, früher",42
pristinus,"-a, -um","der frühere, der ehemalige",25
priscus,"-a, -um","alt, ehrwürdig, altehrwürdig",38
princeps,principis m,"der Erste, der Anführer",33
primus,"-a, -um",der erste,23
pretium,-i n,"der Preis, der Wert",40
premere,"premo, pressi, pressum","drücken, unterdrücken, bedrängen",23
prehendere,"prehendo, prehendi, prehensum",ergreifen,22
preces,precum f(Pl.),die Bitten,30
precari,"precor, precatus sum","(an)beten, bitten, wünschen",39
praeterire,"praetereo, praeterii, praeteritum (m.Akk.)",außer,40
praeter,(m.Akk.),außer,31
praesidium,-i n,"der Schutz, die Schutztruppe",36
praeparare,-,vorbereiten,41
praemium,-i n,"die Belohnung, der Lohn",10
provincia praeesse,-,eine Provinz regieren,19
praeesse,"praesum, praefui, - (m.Dat.)","an der Spitze stehen, leiten",19
praeclarus,"-a, -um","vortrefflich, ausgezeichnet",14
potestas,potestatis f,"die Macht, die Möglichkeit",35
potentia,-ae f,die Macht,20
potens,Gen. potentis,"mächtig, stark",10
postulare,-,"fordern, verlangen",27
postremo,-,"schließlich, zuletzt",26
postquam,(m.Ind.Perf.),nachdem,20
posterus,"-a, -um","der nachfolgende, der nächste",33
postea,-,"nacher, später",13
post ,(m.Akk.),"nach, hinter",7
post,(Adv.),"nachher, später, hinten (befindlich)",34
possidere,"possideo, possedi, possessum",besitzen,36
possidere,"possideo, possedi, possessum",besitzen,35
possidere,"possideo, possedi, possessum",besitzen,34
possesio,possesionis f,"der Besitz, das Eigentum, Pl. die Besitztümer",31
posse,"possum, potui, -","können, vermögen",12
posse,"possum, potui, -","können, vermögen",4
poscere,"posco, poposci, -",fordern,34
portare,-,"tragen, bringen",6
porta,-ae f,"die Tür, das Tor, der Eingang",8
populus,-i m,das Volk,3
pontus,-i m,das Meer,39
pontus,-i m,das Meer,38
pontus,-i m,das Meer,37
ponere,"pono, posui, positum","setzen, stellen, legen",23
ponere,"pono, posui, positum","setzen, stellen, legen",20
poeta,-ae m,der Dichter,5
poenas dare,-,bestraft werden,14
poena,-ae f,die Strafe,14
plurimum,-,"sehr viel, am meisten",36
plurimum,-,"sehr viel, am meisten",35
plurimum,-,"sehr viel, am meisten",34
plurimi,plurimorum m(Pl.),"die meisten, sehr viele",36
plenus,"-a, -um (m.Gen.)",voll (von/mit),10
plebs,plebis f,das (einfache) Volk,28
plebeii,-orum m Pl.,die Plebejer (Vertreter der nicht-adligen Bevölkerung Roms,30
placidus,"-a, -um","sanft, ruhig, freundlich",17
placet,(m.Inf.),es gefällt zu…,1
placere,-,gefallen,1
placare,-,"besänftigen, beruhigen",5
pius,"-a, -um","fromm, verantwortungs-/pflichtbewusst",26
pietas,pietatis f,"die Frömmigkeit, das Pflichtgefühl,  das Pflichtbewusstsein, das Verantwortungsbewusstsein",30
pietas,pietatis f,"die Frömmigkeit, das Pflichtgefühl,  das Pflichtbewusstsein, das Verantwortungsbewusstsein",29
pietas,pietatis f,"die Frömmigkeit, das Pflichtgefühl,  das Pflichtbewusstsein, das Verantwortungsbewusstsein",28
pietas,pietatis f,"die Frömmigkeit, das Pflichtgefühl,  das Pflichtbewusstsein, das Verantwortungsbewusstsein",27
philosophia,-ae f,die Philosophie,40
philosophari,"philosophor, philosophatus sum",philosophieren,41
petere,"peto, petivi, petitum","(er)bitten, verlangen, haben wollen, aufsuchen, angreifen",12
petere,"peto, petivi, petitum","(er)bitten, verlangen, haben wollen, aufsuchen, angreifen",3
pes,pedis m,der Fuß,21
pervenire,"pervenio, perveni, perventum","kommen zu/nach, gelangen",25
pertubare,-,"durcheinanderbringen, verwirren, stören",25
pertinere ad,-,"sich beziehen auf, betreffen",42
pertinere,-,"sich erstrecken, sich beziehen",4
perterre,-,(jdn.) heftig erschrecken,26
persuadere,"persuadeo, persuasi, persuasum (m.Dat.)","überreden (m.ut), überzeugen (m.AcI)",40
perpetuus,"-a, -um","ununterbrochen, dauerhaft, ewig",18
permittere,"permitto, permisi, permissum","erlauben, überlassen",27
perire,"pereo, perii, -","zugrunde gehen, umkommen",29
periculum,-i n,die Gefahr,4
pergere,"pergo, perrexi, perrectum","fortfahren (zu tun), weitermachen, aufbrechen",16
pergere,"pergo, perrexi, perrectum","fortfahren (zu tun), weitermachen, aufbrechen",8
perfrui,"perfruor, perfructus sum (m.Abl.)",(voll und ganz) genießen,36
perficere,"perficio, perfeci, perfectum","vollenden, durchsetzen",30
perficere,"perficio, perfeci, perfectum","vollenden, durchsetzen",29
perficere,"perficio, perfeci, perfectum","vollenden, durchsetzen",28
perficere,"perficio, perfeci, perfectum","vollenden, durchsetzen",27
perferre,"perfero, pertuli, perlatum","überbringen, ertragen",42
perdere,"perdo, perdidi, perditum","zugrunde richten, verderben, verlieren",26
peragere,"perago, peregi, peractum","durchführen, vollenden",23
per,(m.Akk.),"durch (… hindurch), über",7
pendere,"pendeo, pependi, -","hängen, abhängen von (m.ex)",40
pellere,"pello, pepuli, pulsum","schlagen, stoßen, treiben, vertreiben",26
pellere,"pello, pepuli, pulsum","schlagen, stoßen, treiben, vertreiben",20
pellere,"pello, pepuli, pulsum","schlagen, stoßen, treiben, vertreiben",11
pecunia,-ae f,das Geld,10
pectus,pectoris n,"die Brust, das Herz",15
peccare,-,"Fehler machen, Fehler begehen, unmoralisch handeln",42
pacem facere,-,Frieden schließen,17
pax,pacis f,der Friede,17
paulo post,-,ein wenig später,14
paulo,-,"(um) ein wenig, ein bisschen",14
paulum,-,"ein wenig, ein bisschen",14
pauci,"-ae, -a",wenige,17
patrius,"-a, -um","väterlich, des Vaters",39
patrius,"-a, -um","väterlich, des Vaters",38
patrius,"-a, -um","väterlich, des Vaters",37
patricii,-orum m Pl.,die Patrizier (Vertreter der Adelsschicht Roms),30
patria,-ae f,"das Vaterland, die Heimat",12
patres,patrum m(Pl.),die Senatoren,12
pati,"patior, passus sum","leiden, ertragen, zulassen",40
patere,-,offenstehen,36
patere,-,offenstehen,35
patere,-,offenstehen,34
pater,patris m,der Vater,5
parva,-orum n(Pl.),die Kleinigkeiten,13
parvus,"-a, -um","klein, gering",8
partim … partim,-,teils … teils,34
partim,-,"zum Teil, teilweise",34
pars,partis f,"der Teil, die Richtung",31
parere,"pario, peperi, partum","zur Welt bringen, erzeugen, erwerben",24
parere,-,"gehorchen, folgen",1
parentes,parent(i)um m(Pl.),die Eltern,4
parcere,"parco, peperci, - (m.Dat.)","schonen, sparen",25
parare,-,"breiten, vorbereiten, erwerben, (m.Inf.) vorhaben (zu tun)",11
par,Gen. paris,"gleich, ebenbürtig",23
paenula,-ae f,der Reisemantel,34
paene,-,"beinahe, fast",26
otio se dare,-,seine Freizeit genießen,16
otium agere,-,seine Freizeit verbringen,16
otium,-i n,"die Freizeit, die Ruhe, die Muße",13
ostendere,"ostendo, ostendi, -","zeigen, erklären, offenbaren",18
ostendere,"ostendo, ostendi, -","zeigen, erklären, offenbaren",9
osculum,-i n,der Kuss,39
ornare,-,"schmücken, auszeichnen, ausstatten",17
oriri,"orior, ortus sum","geboren werden, entstehen, beginnen, aufgehen",32
ordo,ordinis m,"die Ordnung, die Reihe, der (gesellschaftliche) Stand",41
ordiri,"ordioe, orsus sum","beginnen, anfangen",38
orbis terrarum,-,der Erdkreis,23
orbis,orbis m,"der Kreis, die Scheibe",23
orator,oratoris m,der Redner,3
orationem habere,-,eine Rede halten,14
oratio,orationis f,die Rede,11
orare,-,"beten (zu), bitten",7
mihi cibis opus est,-,ich brauche Essen,21
mihi cenare opus est,-,für mich ist es nötig zu essen,21
opus est,-,"(m.dat.) es ist nötig (für jdn.), (m.Abl.) jd. braucht, benötigt (etwas)",21
optare,-,wünschen,27
ops,opis f,"die Hilfe, die Kraft, Pl. der Reichtum, die Macht",38
oppugnare,-,angreifen,30
opprimere,"opprimo, oppressi, oppressum","überfallen, überwältigen, niederwerfen, unterdrücken",28
oppidum,-i n,"die Stadt, die Befestigung",20
oportet,oportuit,"es gehört sich, man muss",17
omnia,-ium n(Pl.),alles,10
omnis,omne,"jeder, all, ganz",10
omnino,-,"insgesamt, überhaupt, völlig",18
officium,-i n,"der Dienst, die Pflicht",37
se morti offere,-,sich in Lebensgefahr bringen,36
offerre,"offero, obtuli, oblatum",anbieten,33
odisse,odi,hassen,42
odisse,odi,hassen,41
odisse,odi,hassen,40
oculus flectere,-,die Augen wenden,22
oculus,-i,das Auge,5
occurrere,"occurro, occurri, occursum","entgegenlaufen, entgegentreten, begegnen",25
occupare,-,"einnehmen, in Besitz nehmen, beschäftigen",41
occidere,"occido, occidi, occisum","niederschlagen, töten",24
obtinere,"obtineo, obtinui, obtentum","innehaben, im Besitz haben, besetzt halten",27
obsides imperare,-,Geiseln (zu stellen) befehlen/ die Stellung von Geiseln befehlen,29
obses,obsidis m/f,die Geisel,29
(mortem) obire,-,sterben,29
obire,"obeo, obii, obitum (m.Akk.)","entgegengehen, begegnen",29
quam ob rem,-,deswegen,28
ob,-,(m.Akk.) wegen,28
nympha,-ae f,die Nymphe,39
nuper,-,neulich,20
nunc,-,"nun, jetzt",2
numquam,-,niemals,9
numerus,-i m,"die Zahl, die Anzahl",27
numerare,-,"zählen, aufzählen",39
numerare,-,"zählen, aufzählen",38
numerare,-,"zählen, aufzählen",37
numen,numinis n,"die Gottheit, der göttliche Wille, die göttliche Macht",32
num?,-,etwa?,19
nullus,"-a, -um gen.  nullus, Dat. nulli",kein,34
nudus,"-a, -um","nackt, bloß",15
nubere,"nubo, nupsi, nuptum (m.Dat.)",(einen Mann) heiraten,17
nox,noctis f,die Nacht,10
novus,"-a, -um","neu, neuartig",16
novisse,novi,"kennen, wissen",37
novem,-,neun,23
notus,"-a, -um",bekannt,36
notus,"-a, -um",bekannt,35
notus,"-a, -um",bekannnt,34
noster,"nostra, nostrum",unser,16
noscere,"nosco, novi, notum","erkennen, kennelernen",37
nos,-,wir,13
nonnulli,"-ae, -a","einige, manche",11
nonne?,-,"etwa nicht?, denn nicht?",19
nondum,-,noch nicht,18
non,-,nicht,1
nomen,nominis n,der Name,25
nomen,nominis n,der Name,1
nolle,"nolo, nolui, -",nicht wollen,17
nocere,-,schaden,25
nobilis,nobile,"vornehm, adelig, berühmt",33
nobilis,nobile,"vornehm, adelig, berühmt",32
nobilis,nobile,"vornehm, adelig, berühmt",31
nisi,-,"wenn nicht, außer",20
nimis,-,"zu, allzu",16
nihil,-,nichts,10
nex,necis f,"der Mord, der Tod",35
neve … neve …,-,weder … noch ,42
neve … neve …,-,weder … noch,41
neve … neve …,-,weder … noch,40
nescire,-,"nicht wissen, nicht kennen",2
neque … neque …/nec … nec …,-,weder … noch …,18
neque/nec,-,"und nicht, auch nicht, aber nicht",18
nepos,nepotis m,"der Neffe, der Enkel",39
nepos,nepotis m,"der Neffe, der Enkel",38
nepos,nepotis m,"der Neffe, der Enkel",37
nemo nostrum,-,niemand von uns,42
nemo nostrum,-,niemand von uns,41
nemo nostrum,-,niemand von uns,40
nemo,"gen. nullus, Dat. nemini, Akk. neminem, Abl. nullo",niemand,40
negotia gerere,-,seinen Geschäften nachgehen,18
negotium,-i n,"die Aufgabe, das Geschäft",16
neglegere,"neglego, neglexi, neglectum","vernachlässigen, gering schätzen",30
neglegere,"neglego, neglexi, neglectum","vernachlässigen, gering schätzen",29
neglegere,"neglego, neglexi, neclectum","vernachlässigen, gering schätzen",28
neglegere,"neglego, neglexi, neglectum","vernachlässigen, gering schätzen",27
neglegentia,-ae f,die Nachlässigkeit,40
negare,-,"leugnen, verweigern, (m.AcI) sagen, dass nicht",15
necesse est,-,"es ist nötig, es ist notwendig",15
necessarius,-i m,"der Nahestehende, der Freund",31
necessarius,"-a, -um","nötig, notwendig",21
necare,-,töten,11
ne … quidem,-,nicht einmal,11
ne,(m.Konj.),"dass nicht, damit nicht, um nicht … zu",25
-ne?,-,unübersetzte Fragepartikel,19
navis,navis f,das Schiff,26
natura,-ae f,die Natur,35
natio,nationis f,"das Volk, der Volksstamm",32
nasci,"nascor, natus sum","geboren werden, entstehen",38
narrare,-,"erzählen, berichten",1
nam,-,"denn, nämlich",1
mutare,-,"ändern, wechseln, verwandeln",25
munus,muneris n,"die Aufgabe, das Amt, das Geschenk",38
munitio,munitionis f,das Belagerungswerk,33
multitudo,multitudinis f,"die Vielzahl, die Menge",19
multum,-,"viel, sehr",8
multa,-orum n(Pl.),vieles,13
multi,"-ae, -a",viele,8
mulier,mulieris f,die (erwachsene) Frau,17
muliebris,muliebre,"weiblich, unmännlich",30
mox,-,"bald, dann",4
movere,"moveo, movi, motum","bewegen, erregen",24
movere,"moveo, movi, motum","bewegen, erregen",22
mos maiorum,moris maiorum m,"das Sittengesetz der Vorfahren, das ungeschriebene Recht",35
mos maiorum,moris maiorum m,"das Sittengesetz der Vorfahren, das ungeschriebene Recht",29
mos,moris m,"die Sitte, der Brauch, Pl. die Gewohnheiten, der Charakter",38
mortuus,"-a, -um",tot,12
mortalis,mortale,"sterblich, Subst. der Sterbliche, der Mensch",21
mors,mortis f,der Tod,5
mori,"morior, mortuus sum",sterben,40
morbus,-i m,die Krankheit,30
morbus,-i m,die Krankheit,29
morbus,-i m,die Krankheit,28
morbus,-i m,die Krankheit,27
morari,"moror, moratus sum","aufhalten, sich aufhalten, verweilen",34
monstrum,-i n,das Ungeheuer,23
mons,montis m,der Berg,16
monere,-,"(er)mahnen, erinnern",2
mollis,molle,"weich, sanft",25
moenia,moenium n (Pl.),"die Mauer(n), die Stadtmauer(n)",27
modus,-i m,"die Art, die Weise, das maß",15
moderatus,"-a, -um","besonnen, ruhig, maßvoll",39
mittere,"mitto, misi, missum","schicken, senden",23
mittere,"mitto, misi, missum","schicken, senden",15
miseria,-ae f,"das Elend, das Unglück",28
miseri,-orum m (Pl.),die Armen,8
miser,"misera, miserum","arm, unglücklich, erbärmlich",8
miscere,"misceo, miscui, mixtum",mischen,42
mirus,"-a, -um","erstaunlich, sonderbar, wunderbar",15
mille,"Pl. milia, -ium",tausend,23
res militaris,rei militaris f,das Kriegswesen,32
militaris,militare,militärisch,32
miles,militis m,der Soldat,14
mihi ,(Dat.),mir,11
meus,"-a, -um",mein,16
metus,metus m,"die Angst, die Furcht",30
metus,metus m,"die Angst, die Furcht",29
metus,metus m,"die Angst, die Furcht",28
metus,metus m,"die Angst, die Furcht",27
in mentem venire,-,in den Sinn kommen,30
mens,mentis f,"der Geist, der Verstand",28
memoria tenere,-,"in Erinnerung haben, im Gedächtnis behalten",12
memoria,-ae f,"die Erinnerung, das Andenken, das gedächtnis",12
memorare,-,"in Erinnerung rufen, erwähnen, erzählen",23
mmembrum,-i n,"das (Körper-)Glied, Pl. die Gliedmaßen",39
meherc(u)le!,-,beim Herkules!,4
medius,"-a, -um","der mittlere, mitten in…",15
me,(Akk.),mich,11
maximus,"-a, -um","der größte, sehr groß",36
maximus,"-a, -um","der größte, sehr groß",35
maximus,"-a, -um","der größte, sehr groß",34
mater,matris f,die Mutter,5
maritus,-i m,der Ehemann,17
mare,maris n,das Meer,26
manus,manus f,"die Hand, die Schar",27
manere,"maneo, mansi, -","bleiben, warten (auf), erwarten",15
manere,"maneo, mansi, -","bleiben, warten (auf), erwarten",2
mandare,-,"übergeben, anvertrauen, auftragen",9
malus,"-a, -um","böse, schlecht, schlimm",8
malle,"malo, malui, -",lieber wollen,17
maiores,maiorum m (Pl.),die Vorfahren,16
magnus,"-a, -um","groß, bedeutend, wichtig",8
magnitudo,magnitudinis f,"die Größe, die Erhabenheit",15
magis,-,mehr,16
luxuriosus,"-a, -um",ausschweifend,42
luxuriosus,"-a, -um",ausschweifend,41
luxuriosus,"-a, -um",ausschweifend,40
luxuria ,-ae f,"der Überfluss, die Genusssucht",42
luxuria,-ae f,"der Überfluss, die Genusssucht",41
luxuria,-ae f,"der Überfluss, die Genusssucht",40
lux,lucis f,"das licht, das Tageslicht",22
poenam luere,-,"Strafe leiden, bestraft werden",35
luere,"luo, lui, -","büßen, bezahlen",35
ludus,-i m,"das Spiel, die Schule",5
ludus,-i m,"das Spiel, die Schule",2
luctus,luctus m,die Trauer,28
loqui,"loquor, locutus sum",sprechen,36
longus,"-a, -um","lang, lang anhaltend",30
longinquus,"-a, -um","entfernt, langwierig",33
longinquus,"-a, -um","entfernt, langwierig",32
longinquus,"-a, -um","entfernt, langwierig",31
locus,"-i m loca, -orum n Pl.","der Ort, der Platz, die Stelle, Pl. auch: die Gegend",16
locare,-,"legen, stellen, vermieten",9
litus,litoris n,"dieKüste, der Strand",15
littera,-ae f,"der Buchstabe, Pl. der Brief, die Literatur, die Wissenschaft(en)",19
lignum,-i n,das Holz,39
licet,licuit (m.Inf.),"es ist möglich (zu tun), es ist erlaubt (zu tun)",4
libertas,libertatis f,die Freiheit,15
liberi,-orum m(Pl.),die Kinder,4
liberare,(m.Abl.),befreien (von),6
liber,libri m,das Buch,13
liber,"libera, liberum (a/ab)",frei (von),8
libenter,-,gern,2
lex scripta,legis scriptae f,das geschriebene Recht,35
lex nata,legis natae f,das naturrecht,35
lex,legis f,"das Gesetz, die Bedingung",33
lex,legis f,"das Gesetz, die Bedingung",32
lex,legis f,"das Gesetz, die Bedingung",31
levis,leve,"leicht, leichtsinnig, wankelmütig",10
leo,leonis m,der Löwe,21
legere,"lego, legi, lectum","lesen, sammlen, auswählen",17
legere,"lego, legi, lectum","lesen, sammlen, auswählen",10
legatus,-i m,"der Gesandte, der Offizier, der Unterfeldherr",15
legatus,-i m,"der Gesandte, der Offizier, der Unterfeldherr",6
lectus,-i m,"das Bett, das Lager",25
laurus,-i f,der Lorbeer(baum),39
laudare,-,loben,2
laudabilis,laudabile,lobenswert,28
latus,lateris n,"die Seite, die Flanke",37
latro,latronis m,der Räuber,35
latere,-,verborgen sein,7
laetus,"-a, -um","froh, fröhlich",9
laetitia,laetitiae f,"die Freude, die Fröhlichkeit",36
laetitia,laetitiae f,"die Freude, die Fröhlichkeit",35
laetitia,laetitiae f,"die Freude, die Fröhlichkeit",34
lacrimas dare,-,weinen,25
lacrima,-ae f,die Träne,12
lacertus,-i m,der (Ober-)Arm,39
laborare,-,"arbeiten, leiden, (m.Abl.) leiden (an)",6
laborare,-,"arbeiten, leiden, (m.Abl.) leiden (an)",1
labor,laboris m,"die Arbeit, die Mühe",13
iuvenis,iuvenis m,der junge Mann,7
iuvenalis,iuvenale ,"jung, jugendlich",39
iuvare,"iuvo, iuvi, iutum (m.Akk.)","helfen, unterstützen, erfreuen",17
iuvare,"iuvo, iuvi, iutum (m.Akk.)","helfen, unterstützen, erfreuen",10
iustus,"-a, -um","gerecht, rechtschaffen",14
iusiurandum dare,-,einen Eid schwören,25
iusiurandum/ius iurandum,iuris iurandi n,"der Eid, der Schwur",25
ius ,iuris n,das Recht,33
ius,iuris n,das Recht,32
ius,iuris n,das recht,31
iudicum,-i n,"das Urteil, die Entscheidung, das Gericht",12
iudicare,-,"urteilen, beurteilen, entscheiden",24
iudex,iudicis m,der Richter,14
iucundus,"-a, -um","angenehm, erfreulich",13
iubere,"iubeo, iussi, iussum (m.Akk.)","befehlen, anordnen",15
iubere,"iubeo, iussi, iussum (m.Akk.)","befehlen, anordnen",13
iterum atque iterum,-,immer wieder,9
iterum,-,"wiederum, ein zweites Mal",9
iter,itineris n,"der Weg, die Reise, der Marsch",22
item,-,ebenso,31
itaque,-,"daher, deshalb",11
ita,-,so,3
iste,"ista, istud","dieser, dieser da",30
iste,"ista, istud","dieser, dieser da",29
iste,"ista, istud","dieser, dieser da",28
iste,"ista, istud","dieser, dieser da",27
is,"ea, id","dieser, der(jenige), er",13
ire,"eo, ii, itum",gehen,29
iratus,"-a, -um","zornig, erzürnt",14
iram incendere,-,Zorn erregen,10
ira,-ae f,"der Zorn, die Wut",10
ipse,"ipsa, ipsum","selbst, persönlich, gerade",28
invitare,-,einladen,17
invidia,-ae f,"der Neid, die Anfeindung, die Missgunst",27
invenire ,"invenio, inveni, inventum","finden, auffinden, erfinden",25
invenire,"invenio, inveni, inventum","finden, auffinden, erfinden",17
invenire,"invenio, inveni, inventum","finden, auffinden, erfinden",4
inutilis,inutile,"unnütz, unbrauchbar",33
inutilis,inutile,"unnütz, unbrauchbar",32
inutilis,inutile,"unnütz, unbrauchbar",31
intrare,-,"betreten, eintreten (in)",2
intra,(m.Akk.),innerhalb,30
intervenire,"intervenio, interveni, interventum","dazwischenkommen, sich ereignen",42
interpretatio(ionis) Romana(ae),f,"die Praxis, „fremde“ Götter mit römischen Namen zu übersetzen und zu interpretieren",32
interpretari,"interpretor, interpretatus sum","deuten, erklären",32
interficere,"interficio, interfeci, interfectum","töten, vernichten",23
interficere,"interficio, interfeci, interfectum","töten, vernichten",14
ludis interesse,-,an den Spielen teilnehmen,17
interesse,"intersum, interfui, - (m.Dat.)","dazwischen sein, teilnehmen (an)",17
interea,-,inzwischen,6
inter se,-,untereinander,16
inter,(m.Akk.),"zwischen, unter, während",7
intellegere,"intellego, intellexi, intellectum","erkennen, verstehen, einsehen",16
intellegere,"intellego, intellexi, intellectum","erkennen, verstehen, einsehen",10
insula,-ae f,"die Insel, der Wohnblock",9
insula,-ae f,"die Insel, der Wohnblock",4
instruere,"instruo, instruxi, instructum","einrichten, unterweisen, erbauen",20
instare,"insto, institi, -","bevorstehen, drohen",20
insidiator,insidiatoris m,"der Wegelagerer, der Räuber",34
insidias parare,-,einen Hinterhalt legen,19
insidiae,-arum f(Pl.),"der Hinterhalt, die Falle",19
insequi,"insequor, insecutus sum (m.Akk.)","(unmittelbar) folgen, verfolgen, (mit Worten) angreifen",39
inquam/inquis/inquit,-,sag(t)e ich/(sag(te)st du/sagt(e) er/sie/es),21
inopia,inopiae f,"die Armut, die Not",33
inopia,inopiae f,"die Armut, die Not",32
inopia,inopiae f,"die Armut, die Not",31
iniustus,"-a, -um",ungerecht,35
iniuria,-ae f,"das Unrecht, die Beleidigung",29
initium,-i n,"der Eingang, der Ausgang",21
consilium inire,-,einen Beschluss fassen,29
inire,"ineo, inii, initum","hineingehen, betreten, beginnen",29
inimicus,"-a, -um","feindlich, (Subst.) der (persönliche) Feind",8
inicere,"inicio, inieci, iniectum","hineinwerfen, hervorrufen",30
inicere,"inicio, inieci, iniectum","hineinwerfen, hervorrufen",29
inicere,"inicio, inieci, iniectum","hineinwerfen, hervorrufen",28
inicere,"inicio, inieci, iniectum","hineinwerfen, hervorrufen",27
inhumanus,"-a, -um","unmenschlich, ungebildet",42
inhumanus,"-a, -um","unmenschlich, ungebildet",41
inhumanus,"-a, -um","unmenschlich, ungebildet",40
ingens,Gen. ingentis,"riesig, gewaltig",10
ingenium,-i n,"die Begabung, das Genie",25
bellum inferre,-,angreifen,30
inferre,"infero, intuli, illatum (m.Dat.)","hineintragen, einflößen",30
inferi,-orum m,die (Bewohner der) Unterwelt,22
infelix,Gen. infelicis,unglücklich,24
incredibilis,incredibile,unglaublich,15
incolumis,incolume,"heil, unversehrt",10
incipere,"incipio, coepi, coeptum","anfangen, beginnen",23
incipere,"incipio, coepi, coeptum","anfangen, beginnen",19
incipere,"incipio, coepi, coeptum","anfangen, beginnen",5
incidere,"incido, incidi, -","geraten (in), stoßen (auf), sich ereignen",35
incertus,"-a, -um","unsicher, ungewiss, unbestimmt",26
inceptum,-i n,das Vorhaben,30
inceptum,-i n,das Vorhaben,29
inceptum,-i n,das Vorhaben,28
inceptum,-i n,das Vorhaben,27
incendere,"incendo, incendi, incensum","entflammen, in Brand setzen",18
incendere,"incendo, incendi, incensum","entflammen, in Brand setzen",8
inanis,inane,"sinnlos, wertlos, leer",36
in hostes,-,gegen die Feinde,7
in,(m.Akk.),"in (…hinein), auf, nach (…hin), gegen (wohin?)",7
in,(m.Abl.),"in, an, auf, bei (wo?)",7
improbus,"-a, -um","schlecht, unanständig, niederträchtig",8
imprimins,-,"in erster Linie, besonders",18
impetum facere in,(m.Akk.),jdn. angreifen,27
impetus,impetus m,"der Angriff, der Ansturm",27
imperium,-i n,"der Befehl, die Herrschaft, das Reich",24
imperator,imperatoris m,"der Feldherr, der Kaiser",15
imperator,imperatoris m,"der Feldherr, der Kaiser",5
imperare,(m.Dat.),"befehlen, herrschen (über)",23
impellere,"impello, impuli, impulsum","antreiben, veranlassen",26
impedire,-,"hindern, verhindern",11
impetrare,-,"bekommen, bewirken",40
impedimentum,impedimenti n,"das Hindernis, Pl. das Gepäck",34
immortalis,immortale,"unsterblich, Subst. der Unsterbliche, der Gott",21
immo,-,"im Gegenteil, ja sogar",23
imitari,"imitor, imitatus sum","nachahmen, nachmachen",42
imitari,"imitor, imitatus sum","nachahmen, nachmachen",41
imitari,"imitor, imitatus sum","nachahmen, nachmachen",40
imbecillitas,imbecilitatis f,die Schwäche,42
imbecillitas,imbecilitatis f,die Schwäche,41
imbecillitas,imbecilitatis f,die Schwäche,40
Hercules ille,-,der berühmte Herkules,23
ille,"illa, illud","jener, jene, jenes",23
non ignorare,-,"genau wissen, gut kennen",19
ignorare,-,"nicht wissen, nicht kennen",19
ignis,ignis m,das Feuer,21
igitur,-,"also, folglich",35
idem,"eadem, idem","der gleiche, derselbe",31
ibi,-,dort,3
non iam,-,nicht mehr,4
iam,-,"schon, bereits",1
iactura,-ae f,der Verlust,40
iacare,-,"schwingen, schleudern, durcheinanderwerfen",41
iacere,-,liegen,25
humus,-i f,"die Erde, der (Erd-)Boden",21
humanus,"-a, -um","menschlich, gebildet",40
huc,-,hierher,22
hostis,hostis m/f,der (Landes-)Feind/die Feindin,6
hospes,hospitis m,"der Gastgeber, der Gast(freund)",6
hora,-ae f,die Stunde,5
magno honore esse,-,hohes Ansehen genießen,32
honos/honor,honoris m,"die Ehre, das Ehrenamt",18
honestus,"-a, -um","ehrenhaft, angesehen",35
homo,hominis m,der Mensch,5
hodiernus,"-a, -um",heutig,40
hodie,-,heute,1
hinc,-,"von hier, hierauf, daher",22
hiems,hiemis f,"der Winter, das Unwetter",21
hic,"haec, hoc","dieser, diese, dieses",23
hic,-,hier,1
haurire,"haurio, hausi, haustum","schöpfen, nehmen",35
haud,-,nicht,13
habitare,-,"wohnen, bewohnen",4
habitabilis,habitabile,"bewohnabr, wohnlich",39
habitabilis,habitabile,"bewohnabr, wohnlich",38
habitabilis,habitabile,"bewohnabr, wohnlich",37
habere,-,"haben, halten",3
gremium,-i n,der Schoß,37
gravis,grave,"schwer, gewichtig, ernst, bedeutend",32
gratus,"-a, -um","dankbar, willkommen",40
gratulari,"gratulor, gratulatus sum","beglückwünschen, gratulieren, (m.AcI) sich glücklich preisen, dass",38
gratiam habere,-,danken,9
gratia,-ae f,"der Dank, die Gunst, die Anmut",9
gloriam sibi parare,-,sich Ruhm verschaffen,18
gloria,-ae f,"der Ruhm, die Ehre",18
gladius,-i m,das Schwert,6
se gerere,-,sich benehmen,18
rem gerere,-,kämpfen,33
gerere,"gero, gessi, gestum","tragen, führen, ausführen",18
genus,generis n,"die Art, das Geschlecht, die Abstammung, der Stand",32
gens,gentis f,"das Geschlecht, der Stamm, das Volk",15
gaudium,-i n,die Freude,1
gaudere,"gaudeo, gavisus sum","sich freuen, Spaß haben",34
gaudere,"gaudeo, gavisus sum","sich freuen, Spaß haben",1
futurus,"-a, -um","künftig, zukünftig",39
futurus,"-a, -um","künftig, zukünftig",38
futurus,"-a, -um","künftig, zukünftig",37
furor,furoris m,"der Wahnsinn, das Wüten, die Wut",23
fur,furis m/f,der Dieb/die Diebin,3
fugere,"fugio, fugi, - (m.Akk.)","fliehen (vor), meiden",19
fugere,"fugio, fugi, - (m.Akk.)","fliehen (vor), meiden",3
fugare,-,"in die Flucht schlagen, vertreiben",42
fugare,-,"in die Flucht schlagen, vertreiben",41
fugare,-,"in die Flucht schlagen, vertreiben",40
fuga,-ae f,die Flucht,31
frustra,-,"vergeblich, umsonst",4
frui,"fruor, fructus sum (m.Abl.)",genießen,36
frons,frondis f,"das Blatt, das Laub",39
frater,fratris m,der Bruder,6
frangere,"frango, fregi, fractum","brechen, (etw.) zerbrechen",23
forum,-i n,"das Forum, der (Markt-)Platz, das Stadtzentrum",7
forum,-i n,"das Forum, der (Markt-)Platz, das Stadtzentrum",4
forum,-i n,"das Forum, der (Markt-)Platz, das Stadtzentrum",1
fortuna,-ae f,"das Schicksal, das Glück, Pl. die Güter, das Vermögen",41
fortis,forte,"tapfer, stark, tatkräftig",10
forte,-,zufällig,37
fortasse,-,vielleicht,20
forma,-ae f,"die Gestalt, die Schönheit",22
foris,foris f,"der Türflügel, Pl. die Tür",39
foras,-,"heraus, hinaus, nach draußen",2
flumen,fluminis n,der Fluss,16
flere,"fleo, flevi, fletum","weinen (über), beweinen, beklagen",24
flectere,"flecto, flexi, flexum","biegen, beugen, umstimmen",22
flamma,-ae f,die Flamme,26
finitimus,"-a, -um","angrenzend, benachbart, (Subst.) der Nachbar",33
finitimus,"-a, -um","angrenzend, benachbart, (Subst.) der Nachbar",32
finitimus,"-a, -um","angrenzend, benachbart, (Subst.) der Nachbar",31
finis,finis m,"das Ende, die Grenze, das Ziel, Pl. das Gebiet",24
finire,-,"beenden, begrenzen",14
fingere,"fingo, finxi, fictum","formen, gestalten, sich ausdenken, erlügen",23
fingere,"fingo, finxi, fictum","formen, gestalten, sich ausdenken, erlügen",21
filius ,-i m,der Sohn,5
filia,-ae f,die Tochter,5
obviam fieri,-,begegnen,34
fieri,"fio, factus sum","gemacht werden, werden, entstehen, geschehen",34
fidus,"-a, -um",treu,12
fides,fidei f,"die Treue, das vertrauen, der Glaube, die Zuverlässigkeit",28
animo fideli esse in amicum,-,einem Freund gegenüber treu sein,34
fidelis,fidele,"treu, zuverlässig",34
ferus,"-a, -um",wild,15
ferrum,-i n,"das Eisen, die Waffe, das Schwert",25
ferre,"fero, tuli, latum","tragen, bringen, ertragen",30
fere,(Adv.),"fast, ungefähr",32
femina,-ae f,die Frau,9
felix,Gen. felicis,"glücklich, erfolgreich",10
fatum,-i n,"der Götterspruch, das Schicksal",26
familiaris,familiare,"vertraut, verwandt, freundschaftlich, Subst. der Vertraute, der Verwandte, der Freund",16
familia,-ae f,die Familie,1
fama,-ae f,"das Gerücht, der (gute oder schlechte) Ruf",33
fama,-ae f,"das Gerücht, der (gute oder schlechte) Ruf",32
fama,-ae f,"das Gerücht, der (gute oder schlechte) Ruf",31
fallere,"fallo, fefelli, -","täuschen, unbemerkt bleiben",28
fallax,Gen. fallacis,trügerisch,36
factum,-i n,die Tat,23
facilis,facile,"einfach, leicht, mühelos",17
facies,faciei f,"das Gesicht, das Aussehen",38
certiorem facere,(m.Akk.),benachrichtigen,31
facere,"facio, feci, factum","machen, tun",23
facere,"facio, feci, factum",machen tun,14
facere,"facio, feci, factum","machen, tun",7
fabula,-ae f,"die Geschichte, die Erzählung, das Theaterstück",2
extinguere,"extinguo, extinxi, extinctum","löschen, auslöschen, vernichten",23
expectare,-,"warten (auf), erwarten",2
expugnare,-,erobern,31
expellere,"expello, expuli, expulsum","vertreiben, verjagen, verbannen",28
expeditus,"-a, -um","ohne (Marsch-)Gepäck, ungehindert",34
expedire,-,"losmachen, abwickeln, ermöglichen",35
existimarre,-,"einschätzen, meinen, (m.dopp.Akk.) halten für",42
existimare,-,"einschätzen, meinen, (m.dopp.Akk.) halten für",30
existiamre,-,"einschätzen, meinen, (m.dopp.Akk.) halten für",29
existimare,-,"einschätzen, meinen, (m.dopp.Akk.) halten für",28
existimare,-,"einschätzen, meinen, (m.dopp.Akk.) halten für",27
exire,"exeo, exii, exitum","herausgehen, verlassen, ausrücken",29
exilium,-i n,"die Verbannung, das Exil",12
exercitus,exercitus m,das Heer,27
exemplum,-i n,"die Verbannung, das Exil",12
excedere,"excedo, excessi, excessum",hinausgehen,33
excedere,"excedo, excessi, excessum",hinausgehen,32
excedere,"excedo, excessi, excessum",hinausgehen,31
ex,(m.Abl.),"aus, aus… heraus, von… her, seit",7
evertere,"everto, everti, eversum","umstürzen, zerstören",30
evertere,"everto, eversi, eversum","umstürzen, zerstören",29
evertere,"everto, everti, eversum","umstürzen, zerstören",28
evertere,"everto, everti, eversum","umstürzen, zerstören",27
etsi,-,"auch wenn, wenn auch",37
etiam,-,"auch, sogar",4
et… et…,-,sowohl… als auch…,5
et,-,"und, auch",1
est,-,"er/ sie/ es ist, es gibt",1
esse,"sum, fui, -",sein,12
esse ,"sum, fui, -",sein,4
eripere,"eripio, eripui, ereptum",entreißen,23
eripere,"eripio, eripui, ereptum",entreißen,12
eripere,"eripio, eripui, ereptum",entreißen,11
ergo,-,"also, folglich",7
equus,-i m,das Pferd,6
equitatus,equitatus m,die Reiterei,33
equidem,-,"(ich) allerdings, freilich",17
eques,equitis m,"der Reiter, der Ritter",32
epistula,-ae f,der Brief,2
eo,-,"deswegen, dorthin",33
enim,(nachgestellt),"denn, nämlich",6
eligere,"eligo, elegi, electum","auslesen, auswählen",29
elabi,"elabor, elapsus sum","weggleiten, entrinnen",40
egregius,"-a, -um","hervorragend, ausgezeichnet",15
ego,-,ich,2
effugere,"effugio, effugi","entfliehen, entkommen",26
efficere,"efficio, effeci, effectum","bewirken, vollenden, herstellen",41
educere,"effero, extuli, elatum","hinausbringen, in die Höhe heben",30
educere,"effero, extuli, elatum","hinausbringen, in die Höhe heben",29
educere,"effero, extuli, elatum","hinausbringen, in die Höhe heben",28
effere,"effero, extuli, elatum","hinausbringen, in die Höhe heben",27
educere,"educo, eduxi, eductum",herausführen,34
ecce!,-,"sieh da!, schau!/ seht da!, schaut!",3
e,(m.Abl.),"aus, aus… heraus, von… her, seit",7
dux,ducis m/f,der Anführer/die Anführerin,29
durus,"-a, -um","hart, hartherzig",12
duodecim,-,zwölf,23
duo,"duae, duo",zwei,23
dum,-,"(solange) bis, solange, (m.Ind.Päs.) während",31
dulcis,dulce,"süß, lieblich",22
deorum numero ducere,-,zu den Göttern zählen,32
ducere,"duco, duxi, ductum","führen, ziehen",23
ducere,"duco, duxi, ductum","führen, ziehen",16
ducere,"duco, duxi, ductum","führen, ziehen",7
druides,druidum m.Pl.,die Druiden,32
dormire,-,schlafen,6
donum,-i n,das Geschenk,24
donare,-,"schenken, beschenken",10
domus,domus f,das Haus,29
domum,-,"heim, nach Hause",29
dominus ,-i m,"der Herr, der Hausherr",1
domina,-ae f,"die Herrin, die Hausherrin",1
domi,-,zu Hause,11
domare,"domo, domui, domitum","zähmen, besiegen, unterwerfen",38
dolus,-i m,"die List, die Täuschung",9
dolor,doloris m,der Schmerz,5
dolere,-,"schmerzen, (m.Abl.) Schmerz empfinden (über)",12
docere,"doceo, docui, doctum","lehren, belehren",5
divinus,"-a, -um",göttlich,32
diversus,"-a, -um","entgegengesetzt, verschieden",38
diu,-,lange (Zeit),3
dissimilis,dissimile,unähnlich,42
dissimilis,dissimile,unähnlich,41
dissimilis,dissimile,unähnlich,40
disputare,-,"diskutieren, sprechen über",18
disponere,"dispono, disposui, dispositum","verteilen, ordnen, einteilen",41
discere,"disco, didici, -",lernen,35
dimittere,"dimitto, dimisi, dimissum","entsenden, wegschicken, entlassen",30
diligens,Gen. diligentis,"sorgfältig, gewissenhaft",13
dignus,"-a, -um (m.Abl.)","würdig, wert",27
digitus,-i m,der Finger,37
difficilis,difficile,"schwer, schwierig",20
differe,"differo, distuli, dilatum","aufschieben, verschieben, sich unterscheiden",32
dies,diei m,der Tag,28
alicui salutem dicere,-,jemanden grüßen,40
dicere,"dico, dixi, dictum","sagen, sprechen, (m.dopp.Akk.) nennen, bezeichnen als",42
dicere,"dico, dixi, dictum","sagen, sprechen, (m.dopp.Akk.) nennen, bezeichnen als",14
dicere,"dico, dixi, dictum","sagen, sprechen, (m.dopp.Akk.) nennen, bezeichnen als",3
dext(e)ra,dext(e)rae f,die rechte Hand,36
dext(e)ra,dext(e)rae f,die rechte Hand,35
dext(e)ra,dext(e)rae f,die rechte Hand,34
dext(e)r,"dext(e)ra, dext(e)rum",rechts,36
dext(e)r,"dext(e)ra, dext(e)rum",rechs,35
dext(e)r,"dext(e)ra, dext(e)rum",rechts,34
deus,-i m,der Gott,7
detrimento esse,-,schaden,21
detrimentum,-i n,"der Nachteil, der Schaden",21
desperare (de),-,"verzweifeln (über), die Hoffnung aufgeben",26
desinere,"desino, desii, desitum","ablassen, aufhören",13
desinere,"desino, desii, desitum","ablassen, aufhören",12
desiderare,-,"sich sehnen nach, vermissen, (m.Inf.) ersehnen (zu tun)",5
deserere,"desero, deserui, desertum","verlassen, im Stich lassen",23
deserere,"desero, deserui, desertum","verlassen, im Stich lassen",12
descendere,"descendo, descendi, descensum","herabsteigen, hinabsteigen",21
deponere,"depono, deposui, depositum","ablegen, niederlegen",23
deponere,"depono, deposui, depositum","ablegen, niederlegen",20
denique,-,schließlich,9
demum,-,"endlich, erst",30
demum,-,"endlich, erst",29
demum,-,"endlich, erst",28
demum,-,"endlich, erst",27
demonstrare,-,"zeigen, darlegen, beweisen",31
deliberare,-,"überlegen, nachdenken",42
delere,"deleo, delevi, deletum",zerstören,26
delectare,-,"erfreuen, Freude bereiten",5
delabi,"delabor, delapsus sum",herabgleiten,37
deinde,-,"hierauf, dann",24
vires me deficiunt,-,die Kräfte verlassen mich,26
deficere,"deficio, defeci, defectum","ausgehen, (Akk.) fehlen, (a/ab) abfallen (von)",26
defensio,defensionis f,die Verteidigung,36
defendere,"defendo, defendi, defensum (a/ab)","abwehren, verteidigen (gegen)",14
defendere,"defendo, defendi, defensum (a/ab)","abwehren, verteidigen (gegen)",11
deesse,"desum, defui, -",fehlen,13
deducere,"deduco, deduxi, deductum","hinabführen, wegführen, geleiten",29
dedere,"dedo, dedidi, deditum","ausliefern, übergeben, auf etwas ausrichten",32
decidere,"decido, decidi, -",herabfallen,37
vestis me decet,-,das Kleid steht mir,13
decet,decuit (m.Akk.),"es schickt sich (für jdn.), es steht (jdm.)",13
decernere,"decerno, decrevi, decretum","beschließen, entscheiden",27
de vita decedere,-,sterben,19
decedere,"decedo, decessi, decessum","weggehen, sterben",24
decedere,"decedo, decessi, decessum","weggehen, sterben",19
debilis,debile,schwach,36
non debere,-,"nicht müssen, nicht dürfen",3
debere,-,"müssen, schulden",1
dea,-ae f,die Göttin,7
de Capitolio narrare,-,vom Kapitol erzählen,7
de amico timere,-,um den Freund fürchten,7
de,(m.Abl.),"von… herab, von, über, um",7
se dare,-,"sich hingeben, sich widmen",16
dare,"do, dedi, datum",geben,23
dare,"do, dedi, datum",geben,14
dare,"do, dedi, datum",geben,13
damnosus,"-a, -um","schädlich, verderblich",42
damnosus,"-a, -um","schädlich, verderblich",41
damnosus,"-a, -um","schädlich, verderblich",40
damnare,-,verurteilen,14
custos,custodis m,der Wächter,11
currus,currus m,der Wagen,37
currere,"curro, cucurri, cursum","laufen, rennen",25
currere,"curro, cucurri, cursum","laufen, rennen",20
currere,"curro, cucurri, cursum","laufen, rennen",3
cura,-ae f,"die Kurie, das Rathaus",8
cur?,-,warum?,1
cupiditas,cupiditatis f,"die Gier, die Begierde, das Verlangen, die Leidenschaft",27
cupere,"cupio, cupivi, cupitum (m.Inf.)","wünschen (zu tun), wollen, begehren",12
cupere,"cupio, cupivi, cupitum (m.Inf.)","wünschen (zu tun), wollen, begehren",3
cunctus,"-a, -um","gesamt, ganz",36
cunctus,"-a, -um","gesamt, ganz",35
cunctus,"-a, -um","gesamt, ganz",34
cuncti,"-ae, -a",alle,19
cum,(m.Konj.),"als, nachdem, da, weil, obwohl, während (dagegen)",25
cum,(m.Ind.),"(immer) wenn, (damals) als, (dann), wenn, sobald",20
cum,(m.Abl.),(zusammen) mit,7
cultus,cultus m,"die Pflege, die Verehrung, die Lebensweise, die Kultur, die Bildung",38
crudelis,crudele,"grausam, hartherzig",13
crimini dare,-,zum Vorwurf machen,21
crimen,criminis n,"das Verbrechen, der Vorwurf, die Anklage",21
crescere,"cresco, crevi, -","wachsen, zunehmen",20
credere,"credo, credidi, creditum","glauben, vertrauen, anvertrauen",26
credere,"credo, credidi, creditum","glauben, vertrauen, anvertrauen",20
credere,"credo, credidi, creditum","glauben, vertrauen, anvertrauen",12
creare,-,"schaffen, erschaffen, wählen",12
crastinus,"-a, -um",morgig,40
cras,-,morgen,7
cottidie,-,täglich,40
corrumpere,"corrumpo, corrupi, corruptum","verderben, bestechen",24
corripere,"corripio, corripui, correptum","packen, (gewaltsam) ergreifen",23
corripere,"corripio, corripui, coreptum","packen, (gewaltsam) ergreifen",22
corpus,corporis n,"der Körper, der Leichnam",15
coram,(m.Abl.),"vor, in Gegenwart von",42
cordi esse,-,am Herzen liegen,21
cor,cordis n,das herz,21
copia,-ae f,"die Menge, der Vorrat, Pl. auch: die Truppen",20
convocare,-,"zusammenrufen, herbeirufen, einberufen",33
convivium,-i n,"das Gastmahl, das Gelage",13
conversatio,conversationis f,"der Umgang, das Gespräch",42
conversatio,conversationis f,"der Umgang, das Gespräch",41
conversatio,conversationis f,"der Umgang, das Gespräch",40
conventus,conventus m,"die Versammlung, die Schar",30
mihi convenit,-,es passt (zu) mir,13
amicam convenire,-,eine Freundin treffen,13
convenire,"convenio, conveni, conventum","zusammenkommen, treffen, besuchen, passen, glücken",25
convenire,"convenio, conveni, conventum","zusammenkommen, treffen, besuchen, passen, glücken",17
convenire,"convenio, conveni, conventum","zusammenkommen, treffen, besuchen, passen, glücken",13
convenire,"convenio, conveni, conventum","zusammenkommen, treffen, besuchen, passen, glücken",2
controversia,-ae f,"der Streit, die Meinungsverschiedenheit",32
contra,(Adv.),dagegen,24
continere,-,"zusammenhalten, enthalten, im Zaumhalten",8
contentus,"-a, -um (m.Abl.)",zufrieden (mit),8
contendere,"contendo, contendi, contentum","sich anstrengen, kämpfen, eilen, behaupten",24
consulere,"consulo, consului, consultum","(m.Dat.) sorgen für, (m.Akk.) um Rat fragen, (m.de) beraten (über)",27
consul,consulis m,der Konsul,11
consuetudo,consuetudinis f,die Gewohnheit,32
constringere,"constringo, constrinxi, constrictum","zusammenschnüren, binden",41
constituere de,(m.Abl.),entscheiden über,32
constituere,"constituo, constitui, constitutum","aufstellen, festsetzen, einrichten, (m.Inf.) beschließen (zu tun)",25
constituere,"constituo, constitui, constitutum","aufstellen, festsetzen, einrichten, (m.Inf.) beschließen (zu tun)",19
constat,constitit,"es steht fest, es ist bekannt",15
conspicere,"conspicio, conspexi, conspectum","ansehen, erblicken",24
conspicere,"conspicio, conspexi, conspectum","ansehen, erblicken",22
conspicari,"conspicor, conspicatus sum",erblicken,33
conspectus,conspectus m ,"der Anblick, das Blickfeld",27
consistere in,(m.Abl.),bestehen aus,32
consistere,"consisto, constiti, -","stehen bleiben, sich aufstellen",14
consistere,"consisto, constiti, -","stehen bleiben, sich aufstellen",4
consilium dare,-,einen Rat erteilen,13
consilium capere,-,einen Plan fassen,8
consilium,-i n,"der Rat, der Ratschlag, der Plan, der Beschluss",8
considere,"consido, consedi, consessum","sich setzen, sich niederlassen",33
conquiescere,"conquiesco, conquievi, conquietum","zur Ruhe kommen, Ruhe finden",36
coniunx,coniugis m/f,der Ehemann/die Ehefrau,17
confiteri,"confiteor, confessus sum","gestehen, bekennen",42
confiteri,"confiteor, confessus sum","gestehen, bekennen",41
confiteri,"confiteor, confessus sum","gestehen, bekennen",40
confirmare,-,"(be)kräftigen, verstärken, ermutigen",15
se conferre,-,sich begeben,30
conferre,"confero, contuli, collatum","zusammentragen, zusammenbringen, vergleichen",30
condicio,condicionis f,"die Bedingung, die Lage",33
condicio,condicionis f,"die Bedingung, die Lage",32
condicio,condicionis f,"die Bedingung, die Lage",31
condere,"condo, condidi, conditum","gründen, bauen, verwahren, bergen",26
concurrere,"concurro, conconcurri, concursum",zusammenlaufen,32
concilium,concilii n,die Versammlung,33
concedere,"concedo, concessi, concessum","weichen, nachgeben, erlauben, zugestehen",24
comprehendere,"comprehendo, comprehendi, comprhensum","ergreifen, festnehmen, erfassen, begreifen",14
componere,"compono, composui, compositum","ordnen, vergleichen, verfassen",23
componere,"compono, composui, compositum","ordnen, vergleichen, verfassen",20
complures,"complura (Pl), Gen.complurium",mehrere,34
complere,"compleo, complevi, completum (m.Abl.)","ausfüllen, anfüllen (mit), erfüllen",13
complere,"compleo, complevi, completum (m.Abl.)","ausfüllen, anfüllen (mit), erfüllen",6
complecti,"complector, complexus sum","umfassen, umarmen",39
compellere,"compello, compuli, compulsum",zusammentreiben,33
compellere,"compello, compuli, compulsum",zusammentreiben,32
compellere,"compello, compuli, compulsum",zusammentreiben,31
comparare,-,"beschaffen, bereiten, vorbereiten",34
communis,commune,"allgemein, gemeinsam",33
communicare,-,"gemeinsam machen, (gemeinsam) besprechen",42
commovere,"commoveo, commovi, commotum","bewegen, beunruhigen, veranlassen",24
commovere,"commoveo, commovi, commotum","bewegen, beunruhigen, veranlassen",22
commodum,-i n,"der Vorteil, die Annehmlichkeit",37
scelus committere,-,ein Verbrechen begehen,14
proelium committere,-,"eine Schlacht liefern, ein Gefecht beginnen",33
commitere,"committo, commisi, commissum","begehen, veranstalten, anvertrauen",23
commitere,"committo, commisi, commissum","begehen, veranstalten, anvertrauen",14
comitatus,comitatus m,"die Begleitung, das Gefolge",34
comes,comitis m/f,"der Gefährte/die Gefährtin, der Begleiter/die Begleiterin",11
coma,-ae f,das Haar,39
color,coloris m,die Farbe,33
colligere,"colligo, collegi, collectum",sammeln,22
colere,"colo, colui, cultum","bewirtschaften, bebauen, pflegen, verehren",12
colere,"colo, colui, cultum","bewirtschaften, bebauen, pflegen, verehren",7
Ciceronem cognovi,-,ich kenne Cicero,17
cognoscere,"cognosco, cognovi, cognitum","kennenlernen, erkennen, erfahren, Perf. wissen",17
cognatus,"-a, -um",verwandt,39
cognatus,"-a, -um",verwandt,38
cognatus,"-a, -um",verwandt,37
cogitatio,cogitationis f,"das Denken, der Gedanke",36
secum cogitare,-,bei sich/im Stillen denken,16
cogitare,-,"denken, beabsichtigen (zu tun)",1
cogere,"cogo, coegi, coactum","versammeln, zwingen",24
classis,classis f,"die Flotte, die Abteilung",26
clarus,"-a, -um","hell, klar, berühmt",10
clamor,clamoris m,"der Schrei, das Geschrei, der Lärm",3
clamare,-,"(laut) rufen, schreien",1
clam,-,heimlich,3
civitas,civitatis f,"der Staat, die Bürgerschaft, das Bürgerrecht",11
civis,civis m/f,der Bürger/die Bürgerin,5
civilis,civile,bürgerlich,39
civilis,civile,bürgerlich,38
civilis,civile,bürgerlich,37
citus,"-a, -um","schnell, rasch",37
citra,(m.Akk.),diesseits,31
cito,-,schnell,8
cithara,-ae f,die Kithara,39
circum,(m.Akk.),"rings um, um… herum",30
circum,(m.Akk.),"rings um, um… herum",29
circum,(m.Akk.),"rings um, um… herum",28
circum,m.Akk.),"rings um, um… herum",27
cibus,-i m,"die Speise, die Nahrung",6
ceterum,-,"übrigens, im Übrigen",41
cessare,(m.Inf.),"zögern (zu tun), sich Zeit lassen",3
cervix,cervicis f,"der Nacken, der Hals",36
cervix,cervicis f,"der Nacken, der Hals",35
cervix,cervicis f,"der Nacken, der Hals",34
certiorem facere,(m.Akk.),benachrichtigen,31
certus,"-a, -um",sicher,39
certe,(Adv.),"sicher, gewiss",4
certare,-,"kämpfen, streiten, wetteifern",17
certamen,certaminis n,"der Wettkampf, der Kampf",37
cernere,"cerno, crevi, -","sehen, erkennen",32
centum,-,hundert,19
cenare,-,"essen, speisen",6
cena,-ae f,"die (Haupt-)Mahlzeit, das Essen",6
celer,"celeris, celere",schnell,10
celebrare,-,feiern,18
celeber,"celebris, celebre","viel besucht, gefeiert",17
cedere,"cedo, cessi, cessum","(weg-)gehen, nachgeben",30
cavere,"caveo, cavi, cautum (m.Akk.)","sich hüten (vor), sich in Acht nehmen (vor)",17
cavere,"caveo, cavi, cautum (m.Akk.)","sich hüten (vor), sich in Acht nehmen (vor)",8
avus,-i m,der Großvater,16
avertere,"averto, averti, aversum","abwenden, fernhalten, entfernen",18
causa,"m.Gen.,  nachgestellt","um…willen, wegen",32
causa,causae f ,"der Grund, die Ursache, der Fall, der (Gerichts-)Prozess",14
avertere,"averto, averti, aversum","abwenden, fernhalten, entfernen",5
avarus,"-a, -um",habgierig,42
casus,casus m,"der Fall, der Zufall, der Unglücksfall",41
castra ponere,-,ein Lager aufschlagen,29
avarus,"-a,-um",habgierig,41
avarus,"-a, -um",habgierig,40
castra movere,-,"ein Lager abbrechen, aufbrechen",30
castra,castrorum n (Pl.),"das Lager, das Kriegslager",29
avaritia,-ae f,"die Habgier, der Geiz",42
carus,"cara, carum","lieb, teuer, wertvoll",13
avariria,-ae f,"die Habgier, der Geiz",41
carmen,carminis n,"das Lied, das Gedicht",6
avaritia,-ae f,"die Habgier, der Geiz",40
carere,(m.Abl.),"entbehren, nicht haben, frei sein von",36
auxilium petere,-,um Hilfe bitten,6
caput,capitis n,"das Haupt, der Kopf, die Hauptstadt",23
auxilio venire,-,zu Hilfe kommen,6
auxilio esse,(m.Dat.),helfen,36
captivus,"captiva, captivum","gefangen, Subst. der/die Gefangene",25
capillus,capilli m,das Haar,39
auxilium,-i n,die Hilfe,6
autem,(nachgestellt,"aber, jedoch",13
capere,"capio, cepi, captum","fassen, fangen, ergreifen, einnehmen",23
capere,"capio, cepi, captum","fassen, fangen, ergreifen, einnehmen",19
aut… aut…,-,entweder… oder…,27
capere,"capio, cepi, captum","fassen, fangen, ergreifen, einnehmen",3
aut,-,oder,27
aurum,-i n,das Gold,38
cantare,-,singen,5
aureus,"-a, -um","golden, vergoldet",38
canis,canis m/f,der Hund/die Hündin,23
aura,-ae f,"der Windhauch, der Lufthauch, die Luft",22
calamitas,calamitatis f,"das Unglück, das Unheil, der Schaden",16
augurium agere,-,eine Vogelschau abhalten,27
caelum,caeli n ,"der Himmel, das Klima",21
augurium,-i n,"die Weissagung, die Vogelschau",27
barbarus,"barbara, barbarum, Subst. der Barbar","fremd, ausländisch, barbarisch",15
auferre,"aufero, abstuli, ablatum","wegtragen, wegbringen, wegnehmen",30
beatus,"beata, beatum",glücklich,18
bellum,belli n,der Krieg,15
audire,-,"hören, anhören",2
bellum committere,-,einen Krieg beginnen,18
audere,"audeo, ausus sum",wagen,34
bellum gerere (cum),-,Krieg führen (mit),15
audax,Gen. audacis,"mutig, unbekümmert, frech",42
audacia,-ae f,"der Wagemut, die Kühnheit, die Frechheit",11
bellum inferre,-,angreifen,30
bene,-,gut,2
auctoritas,auctoritatis f,"das Ansehen, der Einfluss",36
bibere,"bibo, bibi, -",trinken,6
auctor,auctoris m,"der Urheber, der Veranlasser, der Gründer, der Schriftsteller",24
atque/ac,-,"und, und auch",9
bibere,"bibo, bibi, -",trinken,19
bonum,boni n,das Gut,40
ater,"atra, atrum","schwarz, finster",22
at,-,"aber, jedoch",17
bonus,"bona, bonum",gut,8
aspicere,"aspicio, aspexi, aspectum","ansehen, erblicken",24
cadere,"cado, cecidi, -",fallen,16
aspicere,"aspicio, aspexi, aspectum","ansehen, erblicken",14
caedere,"caedo, cecidi, caesum ","fällen, niederschlagen, töten",14
caedere,"caedo, cecidi, caeum","fällen, niederschlagen, töten",24
asper,"aspera, asperum","rau, grob, hart",17
caedes,"caedis f, Gen. Pl. caedium ","das Blutbad, der Mord",28
arx,arcis f,"die Burg, die Stadtburg",24
ars,artis f,"die Kunst, die Fertigkeit",16
ad arma vocare,-,zu den Waffen rufen,12
arma capere,-,zu den Waffen greifen,8
arma,-orum n (Pl.),die Waffen,8
ardere,"ardeo, arsi, -","brennen, glühen",14
ardere,"ardeo, arsi, -","brennen, glühen",5
arcessere,"arcesso, arcessivi, arcessitum","herbeirufen, holen, holen lassen",21
arcanus,"-a, -um","geheim, geheimnisvoll, heimlich",42
arbor,arboris f,der Baum,16
arbitrari,"arbitror, arbitratus sum","glauben, meinen",32
arbiter,-tri m,"der Schiedsrichter, der Gebieter",41
ara,-ae f,der Altar,7
apud,(m.Akk.),bei,22
aptus,"-a, -um","passend, geeignet",37
appropinquare,-,"sich nähern, näher kommen",33
appellare,-,"anreden, ansprechen, benennen",27
apparere,-,"erscheinen, sich zeigen",12
apparare,-,"vorbereiten, betreiben",34
antea,-,"vorher, früher",14
ante,(m.Akk.),vor,7
ante,(Adv.),vorher,38
annus,-i m,das Jahr,11
animus,-i m,"das Herz, das Gemüt, der Mut, der Geist, die Seele",5
animal,animalis n,"das Lebewesen, das Tier",21
an,-,"(im Fragesatz) oder, (im indirekten Fragesatz) ob",42
an,-,"(im Fragesatz) oder, (im indirekten Fragesatz) ob",19
amplus,"-a, -um","weit, geräumig, bedeutend",25
amor,amoris m,die Liebe,22
amicus,-i m,der Freund,1
amicitiam facere,-,Freundschaft schließen,25
amicitia,-ae f,die Freundschaft,4
amica,-ae f,die Freundin,1
ambitiosus,"-a, -um",ehrgeizig,42
ambitiosus,"-a, -um",ehrgeizig,41
ambitiosus,"-a, -um",ehrgeizig,40
amare,-,"lieben, (gerne) mögen",20
altus,"-a, -um","hoch, tief",38
alter… alter…,-,"der eine …,  der andere",30
alter… alter…,-,"der eine…, der andere",29
alter… alter…,-,"der eine…, der andere",28
alter… alter…,-,"der eine…, der andere",27
alter,"altera, alterum Gen.alterius, Dat.alteri","ein anderer, der zweite",30
alter,"altera, alterum, Gen.alterius, Dat.alteri","ein anderer, der zweite",29
alter,"altera, alterum, Gen. alterius, Dat., alteri","ein anderer, der zweite",28
alter,"altera, alterum, Gen.alterius, Dat.alteri","ein anderer, der zweite",27
alius,"alia, aliud, Gen.alterius, Dat. alteri",ein anderer,33
aliquis,"aliquid (subst., Formen T3.6.1)","irgendjemand, irgendetwas",35
aliqui,"aliqua, aliquod (adj., Formen T3.6.1)","irgendein, irgendeine, irgendein",35
aliquando,-,"einst, (irgendwann) einmal",11
alienus,"-a, -um",fremd,15
alere,"alo, alui, al(i)tum","aufziehen, ernähren",30
agmen,agminis n,"der Heereszug, die Schar",29
agitare,-,"treiben, in Bewegung setzen, antreiben",26
vitam agere,-,sein Leben verbringen,12
tempus agere,-,seine Zeit verbringen,12
gratias agere,-,danken,12
fabulam agere,-,ein Schauspiel aufführen,12
bene agere (cum),-,gut auskommen (mit),12
agere (de)(cum),-,verhandeln (über)(mit),12
agere,"ago, egi, actum","tun, handeln, verhandeln, treiben",23
agere,"ago, egi, actum","tun, handeln, verhandeln, treiben",14
agere,"ago, egi, actum","tun, handeln, verhandeln, treiben",12
ager,agri m,"der Acker, das Feld Pl. das land",8
afficere,"afficio, affeci, affectum",versehen mit,32
aeternus,"-a, -um",ewig,33
aeternus,"-a, -um",ewig,32
aeternus,"-a, -um",ewig,31
aetas,aetatis f,"das Lebensalter, das Zeitalter, die Zeit",27
aestimare,-,"schätzen, einschätzen, meinen, halten für",40
aestas,aestatis f,"der Sommer, die Hitze",22
aequitas,aequitatis f,"die Gleichheit, die Ausgeglichenheit",36
aequitas,aequitatis f,"die Gleichheit, die Ausgeglichenheit",35
aequitas,aequitatis f,"die Gleichheit, die Ausgeglichenheit",34
aedibus recipere,-,in sein Haus aufnehmen,25
aedis,aedis f,der Tempel Pl. das Haus,24
aedificare,- ,"bauen, erbauen",9
adversus,(m.Akk.),gegen,41
adventus,adventus m,die Ankunft,28
adulescens,"adulescentis m, Gen.Pl. adulescentium","der Jugendliche, der junge Mann",27
adoriri,"adorior, adortus sum",angreifen,34
admonere,-,"erinnern, ermahnen, auffordern (m. ut)",42
admittere,"admitto, admisi, admissum",zulassen,23
admittere,"admitto, admisi, admissum",zulassen,22
admiratio,admirationis f,"die Bewunderung, das Staunen",29
adhuc,-,"bis jetzt, immer noch",20
adhortari,"adhortor, adhortatus sum","anfeuern, antreiben",41
adhibere,- ,"anwenden, hinzuziehen",9
adesse,"adsum, affui, - (m.Dat.)","da sein, helfen",12
adesse,"adsum, affui, - (m.Dat.)","da sein, helfen",4
adducere,"adduco, adduxi, adductum","heranführen, veranlassen",25
addere,"addo, addidi, additum",hinzufügen,28
a/ab,(m. Abl.),"von, von … her, von … weg",7
abdūcere,"abdūcō, abdūxī, abdūctum","wegführen, entführen, verschleppen",24
abīre,"abeō, abiī, abitum","weggehen, abtreten, zurücktreten (von)",36
abundāre,(m. Abl.),"übervoll sein (von), Überfluss haben (an)",6
accēdere,"accēdō, accessī, accessum","herbeikommen, herantreten, sich nähern",3
accēdere,"accēdō, accessī, accessum","herbeikommen, herantreten, sich nähern",16
accēdere,"accēdō, accessī, accessum","herbeikommen, herantreten, sich nähern",24
accidere,"accidit, accipit","geschehen, sich ereignen; zustoßen",16
accipere,"accipiō, accēpī, acceptum","annehmen, empfangen, erhalten; vernehmen",10
accipere,"accipiō, accēpī, acceptum","annehmen, empfangen, erhalten; vernehmen",19
accipere,"accipiō, accēpī, acceptum","annehmen, empfangen, erhalten; vernehmen",23
accūsāre,-,"anklagen, beschuldigen",12
acer,"acris, acre","scharf, heftig",10
actio,actionis f,"die Tätigkeit, die Handlung, (die Gerichts-)Verhandlung",14
ad,(m. Akk.),"zu (… hin), bei, an; nach",7
